,Weight,Element,Molecule,BasisSet,Spin,BuiltMolecule,bond_lenght,CCSDT,DFT-b3lyp,DFT-SCAN,DFT-wB97X-V,DFT-pbe,DFT-M06-2X,DFT-PW6B95,NN-Functional.DM21,NN-Functional.DM21m,NN-Functional.DM21mc,NN-Functional.DM21mu
0,1,H,"[['H', (0, 0, 0.125)], ['H', (0, 0, -0.125)]]",cc-pVDZ,0,"{'H': [[0, [13.01, 0.019685, 0.0], [1.962, 0.137977, 0.0], [0.4446, 0.478148, 0.0], [0.122, 0.50124, 1.0]], [1, [0.727, 1.0]]]}",0.25,-0.3549346291486089,-0.360328183117125,-0.3625280647144238,-0.3687926466612823,-0.349040460194324,-0.35774153166428,-0.36589033665669746,-0.3677036404846885,-0.3657278220212099,-0.36028249292967374,-0.36507248578586404
1,1,H,"[['H', (0, 0, 0.15000000000000002)], ['H', (0, 0, -0.15000000000000002)]]",cc-pVDZ,0,"{'H': [[0, [13.01, 0.019685, 0.0], [1.962, 0.137977, 0.0], [0.4446, 0.478148, 0.0], [0.122, 0.50124, 1.0]], [1, [0.727, 1.0]]]}",0.30000000000000004,-0.6387775257696388,-0.6435765548204688,-0.6454336700672261,-0.6522011562885923,-0.6327091270163814,-0.6416501205968113,-0.6487206741296616,-0.6505188089186087,-0.6488939976335677,-0.6439918578485713,-0.6485120358003902
2,1,H,"[['H', (0, 0, 0.17500000000000002)], ['H', (0, 0, -0.17500000000000002)]]",cc-pVDZ,0,"{'H': [[0, [13.01, 0.019685, 0.0], [1.962, 0.137977, 0.0], [0.4446, 0.478148, 0.0], [0.122, 0.50124, 1.0]], [1, [0.727, 1.0]]]}",0.35000000000000003,-0.8218188185874652,-0.8261003790909696,-0.8276111768013483,-0.8348789906529133,-0.815680291078996,-0.8244423226400857,-0.830830065070292,-0.8324920199807408,-0.8313730794549965,-0.8268476004138083,-0.8311807272666445
3,1,H,"[['H', (0, 0, 0.2)], ['H', (0, 0, -0.2)]]",cc-pVDZ,0,"{'H': [[0, [13.01, 0.019685, 0.0], [1.962, 0.137977, 0.0], [0.4446, 0.478148, 0.0], [0.122, 0.50124, 1.0]], [1, [0.727, 1.0]]]}",0.4,-0.9431336018758693,-0.9469844887993268,-0.9481606177911215,-0.9559074796337974,-0.937032916770665,-0.9453238028033901,-0.9513057648322452,-0.9526865682234176,-0.9521193719774792,-0.9480679829947807,-0.9519753165834715
4,1,H,"[['H', (0, 0, 0.225)], ['H', (0, 0, -0.225)]]",cc-pVDZ,0,"{'H': [[0, [13.01, 0.019685, 0.0], [1.962, 0.137977, 0.0], [0.4446, 0.478148, 0.0], [0.122, 0.50124, 1.0]], [1, [0.727, 1.0]]]}",0.45,-1.0246030341522916,-1.0281158889835198,-1.0289757567199849,-1.0371689969773548,-1.0186481803206338,-1.026353321607345,-1.0320373902779298,-1.0331437451900753,-1.0328521342763182,-1.0297604680545693,-1.032752875054777
5,1,H,"[['H', (0, 0, 0.25)], ['H', (0, 0, -0.25)]]",cc-pVDZ,0,"{'H': [[0, [13.01, 0.019685, 0.0], [1.962, 0.137977, 0.0], [0.4446, 0.478148, 0.0], [0.122, 0.50124, 1.0]], [1, [0.727, 1.0]]]}",0.5,-1.0793700258948085,-1.08263980342807,-1.0832020417119022,-1.091802010340426,-1.073664607103323,-1.0807350063684733,-1.0861733574479053,-1.08704137432084,-1.0866830780720054,-1.0850926041040683,-1.086710274868089
6,1,H,"[['H', (0, 0, 0.275)], ['H', (0, 0, -0.275)]]",cc-pVDZ,0,"{'H': [[0, [13.01, 0.019685, 0.0], [1.962, 0.137977, 0.0], [0.4446, 0.478148, 0.0], [0.122, 0.50124, 1.0]], [1, [0.727, 1.0]]]}",0.55,-1.1157401103638958,-1.1188581680036989,-1.1191393026613792,-1.128101341992469,-1.1103774496587264,-1.1167627532666051,-1.1220186421296807,-1.1227091529288442,-1.1219507612029567,-1.1220876266630588,-1.1222212271435552
7,1,H,"[['H', (0, 0, 0.30000000000000004)], ['H', (0, 0, -0.30000000000000004)]]",cc-pVDZ,0,"{'H': [[0, [13.01, 0.019685, 0.0], [1.962, 0.137977, 0.0], [0.4446, 0.478148, 0.0], [0.122, 0.50124, 1.0]], [1, [0.727, 1.0]]]}",0.6000000000000001,-1.1391732775923302,-1.142220495763247,-1.1422355667840183,-1.1515108251631223,-1.1342306438383338,-1.1398777928934627,-1.1450250305550824,-1.1456161322983682,-1.1442823868745946,-1.1460195044263055,-1.1448097451701202
8,1,H,"[['H', (0, 0, 0.325)], ['H', (0, 0, -0.325)]]",cc-pVDZ,0,"{'H': [[0, [13.01, 0.019685, 0.0], [1.962, 0.137977, 0.0], [0.4446, 0.478148, 0.0], [0.122, 0.50124, 1.0]], [1, [0.727, 1.0]]]}",0.65,-1.1533713180841356,-1.1564127452034434,-1.1561767102468705,-1.1657128170578328,-1.148906207415562,-1.1537718301836573,-1.1588797548917629,-1.1594479529685793,-1.1574275869139234,-1.1602185459579022,-1.1582119172577776
9,1,H,"[['H', (0, 0, 0.35)], ['H', (0, 0, -0.35)]]",cc-pVDZ,0,"{'H': [[0, [13.01, 0.019685, 0.0], [1.962, 0.137977, 0.0], [0.4446, 0.478148, 0.0], [0.122, 0.50124, 1.0]], [1, [0.727, 1.0]]]}",0.7,-1.1609046475500966,-1.1639866710371085,-1.1635153389781325,-1.1732572799225274,-1.1569535588958302,-1.1609996348033484,-1.166134970370503,-1.1667183573576558,-1.1638961042824487,-1.16747111642088,-1.1650935738742305
10,1,H,"[['H', (0, 0, 0.375)], ['H', (0, 0, -0.375)]]",cc-pVDZ,0,"{'H': [[0, [13.01, 0.019685, 0.0], [1.962, 0.137977, 0.0], [0.4446, 0.478148, 0.0], [0.122, 0.50124, 1.0]], [1, [0.727, 1.0]]]}",0.75,-1.163593566977587,-1.1667431082785615,-1.166053373016541,-1.1759444885833594,-1.1601725025179301,-1.1633548638967013,-1.1685912811080943,-1.1691924354302596,-1.1658959146884702,-1.169877879374292,-1.1673291509349606
11,1,H,"[['H', (0, 0, 0.4)], ['H', (0, 0, -0.4)]]",cc-pVDZ,0,"{'H': [[0, [13.01, 0.019685, 0.0], [1.962, 0.137977, 0.0], [0.4446, 0.478148, 0.0], [0.122, 0.50124, 1.0]], [1, [0.727, 1.0]]]}",0.8,-1.1627507703812363,-1.1659755366026996,-1.165085129549896,-1.1750681068018396,-1.1598564481368663,-1.1621243215762127,-1.1675415097977686,-1.168146230469852,-1.1648620760040096,-1.1687644306472131,-1.1662210051554975
12,1,H,"[['H', (0, 0, 0.42500000000000004)], ['H', (0, 0, -0.42500000000000004)]]",cc-pVDZ,0,"{'H': [[0, [13.01, 0.019685, 0.0], [1.962, 0.137977, 0.0], [0.4446, 0.478148, 0.0], [0.122, 0.50124, 1.0]], [1, [0.727, 1.0]]]}",0.8500000000000001,-1.159340226681274,-1.1626289063626074,-1.1615559227439345,-1.1715736947091306,-1.1569509249413135,-1.158263603495882,-1.1639296587792818,-1.1645013476179034,-1.1615861310979536,-1.165215973017879,-1.1626784007954734
13,1,H,"[['H', (0, 0, 0.45000000000000007)], ['H', (0, 0, -0.45000000000000007)]]",cc-pVDZ,0,"{'H': [[0, [13.01, 0.019685, 0.0], [1.962, 0.137977, 0.0], [0.4446, 0.478148, 0.0], [0.122, 0.50124, 1.0]], [1, [0.727, 1.0]]]}",0.9000000000000001,-1.154081713572355,-1.157404570584024,-1.156166972599218,-1.166163410319735,-1.1521582714943033,-1.15249813203801,-1.158455954597555,-1.1589559016002562,-1.156567621409037,-1.1599207121123467,-1.1573525880056057
14,1,H,"[['H', (0, 0, 0.475)], ['H', (0, 0, -0.475)]]",cc-pVDZ,0,"{'H': [[0, [13.01, 0.019685, 0.0], [1.962, 0.137977, 0.0], [0.4446, 0.478148, 0.0], [0.122, 0.50124, 1.0]], [1, [0.727, 1.0]]]}",0.95,-1.1475203882808775,-1.1508300163409362,-1.1494451884951107,-1.1593655727827556,-1.1460071513866454,-1.1453855192218008,-1.1516466578491746,-1.1520555713524132,-1.150224983874247,-1.153247596855048,-1.1507236624695976
15,1,H,"[['H', (0, 0, 0.5)], ['H', (0, 0, -0.5)]]",cc-pVDZ,0,"{'H': [[0, [13.01, 0.019685, 0.0], [1.962, 0.137977, 0.0], [0.4446, 0.478148, 0.0], [0.122, 0.50124, 1.0]], [1, [0.727, 1.0]]]}",1.0,-1.1400734913763237,-1.1433058342374904,-1.1417902464539504,-1.1515814790704502,-1.138899359809332,-1.1373469723139316,-1.1439011038454812,-1.1442187544034557,-1.1428890843716375,-1.1455338443244543,-1.143173191746211
16,1,H,"[['H', (0, 0, 0.525)], ['H', (0, 0, -0.525)]]",cc-pVDZ,0,"{'H': [[0, [13.01, 0.019685, 0.0], [1.962, 0.137977, 0.0], [0.4446, 0.478148, 0.0], [0.122, 0.50124, 1.0]], [1, [0.727, 1.0]]]}",1.05,-1.1320623755333017,-1.135137896002016,-1.1335068847094378,-1.1431174993943833,-1.1311418843696681,-1.128694534316082,-1.1355239285578018,-1.1357893442959073,-1.1348149098483389,-1.1371045407388922,-1.1349854112648976
17,1,H,"[['H', (0, 0, 0.55)], ['H', (0, 0, -0.55)]]",cc-pVDZ,0,"{'H': [[0, [13.01, 0.019685, 0.0], [1.962, 0.137977, 0.0], [0.4446, 0.478148, 0.0], [0.122, 0.50124, 1.0]], [1, [0.727, 1.0]]]}",1.1,-1.1237352368972227,-1.1265601437145651,-1.1248278159343257,-1.1342078264496998,-1.1229696322883862,-1.1196542295597438,-1.1267479026767688,-1.127074484125397,-1.126238460171669,-1.1282158250548682,-1.126372359891622
18,1,H,"[['H', (0, 0, 0.5750000000000001)], ['H', (0, 0, -0.5750000000000001)]]",cc-pVDZ,0,"{'H': [[0, [13.01, 0.019685, 0.0], [1.962, 0.137977, 0.0], [0.4446, 0.478148, 0.0], [0.122, 0.50124, 1.0]], [1, [0.727, 1.0]]]}",1.1500000000000001,-1.1152836553010665,-1.117751209062403,-1.115930454736591,-1.1250311310765704,-1.1145620361298008,-1.1103909627475395,-1.1177505263966123,-1.1182737277030523,-1.117320744945003,-1.1190854566969153,-1.1175037995697505
19,1,H,"[['H', (0, 0, 0.6)], ['H', (0, 0, -0.6)]]",cc-pVDZ,0,"{'H': [[0, [13.01, 0.019685, 0.0], [1.962, 0.137977, 0.0], [0.4446, 0.478148, 0.0], [0.122, 0.50124, 1.0]], [1, [0.727, 1.0]]]}",1.2,-1.1068551915325657,-1.10884700968997,-1.1069496080657362,-1.1157232076454595,-1.106055671504421,-1.1010278279471302,-1.1086666499387472,-1.1095402650352777,-1.108181760879865,-1.1098627561216658,-1.1085332840338449
20,1,H,"[['H', (0, 0, 0.625)], ['H', (0, 0, -0.625)]]",cc-pVDZ,0,"{'H': [[0, [13.01, 0.019685, 0.0], [1.962, 0.137977, 0.0], [0.4446, 0.478148, 0.0], [0.122, 0.50124, 1.0]], [1, [0.727, 1.0]]]}",1.25,-1.098563104062202,-1.0999504166513367,-1.097987204458335,-1.1063867275311865,-1.0975539597706887,-1.0916599354824918,-1.0995981524994347,-1.1010415748926006,-1.0989518442087887,-1.1006428858788033,-1.0995677975637541
21,1,H,"[['H', (0, 0, 0.65)], ['H', (0, 0, -0.65)]]",cc-pVDZ,0,"{'H': [[0, [13.01, 0.019685, 0.0], [1.962, 0.137977, 0.0], [0.4446, 0.478148, 0.0], [0.122, 0.50124, 1.0]], [1, [0.727, 1.0]]]}",1.3,-1.090493856693179,-1.0911388594133467,-1.0891199403362344,-1.0970989068499613,-1.0891348130898852,-1.0823636341207887,-1.0906214657097304,-1.09278416516779,-1.0897111889318865,-1.0915144710773124,-1.0906993381662518
22,1,H,"[['H', (0, 0, 0.675)], ['H', (0, 0, -0.675)]]",cc-pVDZ,0,"{'H': [[0, [13.01, 0.019685, 0.0], [1.962, 0.137977, 0.0], [0.4446, 0.478148, 0.0], [0.122, 0.50124, 1.0]], [1, [0.727, 1.0]]]}",1.35,-1.0827132043900713,-1.082470206919643,-1.0804051687065819,-1.0879174667429563,-1.080856539369539,-1.0732016193619747,-1.0817935567049686,-1.084735391424807,-1.0805434627641932,-1.082529286106527,-1.0819796446341146
23,1,H,"[['H', (0, 0, 0.7000000000000001)], ['H', (0, 0, -0.7000000000000001)]]",cc-pVDZ,0,"{'H': [[0, [13.01, 0.019685, 0.0], [1.962, 0.137977, 0.0], [0.4446, 0.478148, 0.0], [0.122, 0.50124, 1.0]], [1, [0.727, 1.0]]]}",1.4000000000000001,-1.075270532228484,-1.0739873795071195,-1.0718854996464027,-1.0788853028101009,-1.0727624685353003,-1.0642243285223252,-1.0731565298015993,-1.076896138059404,-1.0715150787575687,-1.073719520607663,-1.073458849610943
24,1,H,"[['H', (0, 0, 0.725)], ['H', (0, 0, -0.725)]]",cc-pVDZ,0,"{'H': [[0, [13.01, 0.019685, 0.0], [1.962, 0.137977, 0.0], [0.4446, 0.478148, 0.0], [0.122, 0.50124, 1.0]], [1, [0.727, 1.0]]]}",1.45,-1.0682023949155697,-1.065721874989352,-1.0635922922327241,-1.070034066750885,-1.0648844727310416,-1.0554712130090276,-1.0647410698148043,-1.0692268352036352,-1.0627013830939531,-1.0651076495773784,-1.0651844265336714
25,1,H,"[['H', (0, 0, 0.75)], ['H', (0, 0, -0.75)]]",cc-pVDZ,0,"{'H': [[0, [13.01, 0.019685, 0.0], [1.962, 0.137977, 0.0], [0.4446, 0.478148, 0.0], [0.122, 0.50124, 1.0]], [1, [0.727, 1.0]]]}",1.5,-1.061534945343149,-1.0576964522569443,-1.0555482927581366,-1.0613869022674587,-1.0572456381065152,-1.046969041967436,-1.0565692327558738,-1.0616929728515943,-1.0541863397406206,-1.0567056310636342,-1.0571644485227005
26,1,H,"[['H', (0, 0, 0.775)], ['H', (0, 0, -0.775)]]",cc-pVDZ,0,"{'H': [[0, [13.01, 0.019685, 0.0], [1.962, 0.137977, 0.0], [0.4446, 0.478148, 0.0], [0.122, 0.50124, 1.0]], [1, [0.727, 1.0]]]}",1.55,-1.0552856447494878,-1.0499271746252692,-1.0477696229839515,-1.0529605103022839,-1.0498622897868024,-1.0387323805512296,-1.048656513734246,-1.0543050049866554,-1.0459933830317591,-1.048527352196978,-1.0494158030609995
27,1,H,"[['H', (0, 0, 0.8)], ['H', (0, 0, -0.8)]]",cc-pVDZ,0,"{'H': [[0, [13.01, 0.019685, 0.0], [1.962, 0.137977, 0.0], [0.4446, 0.478148, 0.0], [0.122, 0.50124, 1.0]], [1, [0.727, 1.0]]]}",1.6,-1.0494644012961996,-1.042424894188489,-1.0402672099037025,-1.0447666527389015,-1.0427454595475327,-1.0307673579771455,-1.0410132285648708,-1.0470973670895136,-1.0381227676719438,-1.0405802763852685,-1.0419492507723975
28,1,H,"[['H', (0, 0, 0.8250000000000001)], ['H', (0, 0, -0.8250000000000001)]]",cc-pVDZ,0,"{'H': [[0, [13.01, 0.019685, 0.0], [1.962, 0.137977, 0.0], [0.4446, 0.478148, 0.0], [0.122, 0.50124, 1.0]], [1, [0.727, 1.0]]]}",1.6500000000000001,-1.0440746099484888,-1.0351963553461556,-1.033047840762938,-1.0368132462829742,-1.0359019784635275,-1.023074195247782,-1.0336456495369326,-1.0401151565617501,-1.0305681002497602,-1.03286452382639,-1.0347632064627212
29,1,H,"[['H', (0, 0, 0.85)], ['H', (0, 0, -0.85)]]",cc-pVDZ,0,"{'H': [[0, [13.01, 0.019685, 0.0], [1.962, 0.137977, 0.0], [0.4446, 0.478148, 0.0], [0.122, 0.50124, 1.0]], [1, [0.727, 1.0]]]}",1.7,-1.0391133444778191,-1.028245003287557,-1.0261149364724957,-1.0291051390752854,-1.0293352841650258,-1.0156500396587114,-1.0265569052082482,-1.0333822362131215,-1.0233188547514005,-1.0253939770643963,-1.0278613274106818
30,1,H,"[['H', (0, 0, 0.875)], ['H', (0, 0, -0.875)]]",cc-pVDZ,0,"{'H': [[0, [13.01, 0.019685, 0.0], [1.962, 0.137977, 0.0], [0.4446, 0.478148, 0.0], [0.122, 0.50124, 1.0]], [1, [0.727, 1.0]]]}",1.75,-1.034572414662237,-1.0215716010441311,-1.0194691658819377,-1.021644678451218,-1.0230460553927252,-1.0084916008429887,-1.0197475184832423,-1.026909776805964,-1.0163616340098391,-1.018177117695778,-1.0212375552815403
31,1,H,"[['H', (0, 0, 0.9)], ['H', (0, 0, -0.9)]]",cc-pVDZ,0,"{'H': [[0, [13.01, 0.019685, 0.0], [1.962, 0.137977, 0.0], [0.4446, 0.478148, 0.0], [0.122, 0.50124, 1.0]], [1, [0.727, 1.0]]]}",1.8,-1.0304388206471735,-1.015174739644229,-1.013108961698638,-1.014432148402511,-1.017032744881273,-1.0015947983477713,-1.013215815567098,-1.0207033471296842,-1.0097052076833948,-1.0112219667652265,-1.0148772938639845
32,1,H,"[['H', (0, 0, 0.925)], ['H', (0, 0, -0.925)]]",cc-pVDZ,0,"{'H': [[0, [13.01, 0.019685, 0.0], [1.962, 0.137977, 0.0], [0.4446, 0.478148, 0.0], [0.122, 0.50124, 1.0]], [1, [0.727, 1.0]]]}",1.85,-1.0266955197845355,-1.0090512317531606,-1.0070309146814624,-1.007466103341824,-1.0112919900312685,-0.994955862940447,-1.006958402328324,-1.014808527350291,-1.0033464623912027,-1.0045326713627114,-1.0087737596977293
33,1,H,"[['H', (0, 0, 0.9500000000000001)], ['H', (0, 0, -0.9500000000000001)]]",cc-pVDZ,0,"{'H': [[0, [13.01, 0.019685, 0.0], [1.962, 0.137977, 0.0], [0.4446, 0.478148, 0.0], [0.122, 0.50124, 1.0]], [1, [0.727, 1.0]]]}",1.9000000000000001,-1.0233222862917681,-1.0031964182614914,-1.0012300824945701,-1.0007436399099012,-1.005818930302613,-0.9885757377284936,-1.0009705291404638,-1.0092425994446426,-0.9972836855739879,-0.9981085714031872,-1.0029253933723095
34,1,H,"[['H', (0, 0, 0.975)], ['H', (0, 0, -0.975)]]",cc-pVDZ,0,"{'H': [[0, [13.01, 0.019685, 0.0], [1.962, 0.137977, 0.0], [0.4446, 0.478148, 0.0], [0.122, 0.50124, 1.0]], [1, [0.727, 1.0]]]}",1.95,-1.0202977751185431,-0.9976044232580212,-0.9957002580753072,-0.9942606301901764,-1.0006074704773276,-0.9824543864504414,-0.9952462346086712,-1.0040011188977391,-0.9914997074569114,-0.9919515209259611,-0.9973234704000697
35,1,H,"[['H', (0, 0, 1.0)], ['H', (0, 0, -1.0)]]",cc-pVDZ,0,"{'H': [[0, [13.01, 0.019685, 0.0], [1.962, 0.137977, 0.0], [0.4446, 0.478148, 0.0], [0.122, 0.50124, 1.0]], [1, [0.727, 1.0]]]}",2.0,-1.017594115252629,-0.99226840372648,-0.9904342484967485,-0.9880119542412582,-0.995650542473473,-0.976577859956022,-0.9897785518970599,-0.9990845287720498,-0.9859773953811197,-0.9860478576016622,-0.9919450278838364
36,1,H,"[['H', (0, 0, 1.0250000000000001)], ['H', (0, 0, -1.0250000000000001)]]",cc-pVDZ,0,"{'H': [[0, [13.01, 0.019685, 0.0], [1.962, 0.137977, 0.0], [0.4446, 0.478148, 0.0], [0.122, 0.50124, 1.0]], [1, [0.727, 1.0]]]}",2.0500000000000003,-1.0151901163389438,-0.9871808043122672,-0.9854241503677954,-0.9819917572385011,-0.9909403693293444,-0.9709312721129575,-0.9845598465434391,-0.9944997008761172,-0.980705266079271,-0.9803860230628458,-0.9867936549208165
37,1,H,"[['H', (0, 0, 1.05)], ['H', (0, 0, -1.05)]]",cc-pVDZ,0,"{'H': [[0, [13.01, 0.019685, 0.0], [1.962, 0.137977, 0.0], [0.4446, 0.478148, 0.0], [0.122, 0.50124, 1.0]], [1, [0.727, 1.0]]]}",2.1,-1.0130594590828743,-0.982333564706457,-0.9806615629689228,-0.9761936806494578,-0.9864686775251879,-0.9655248650794761,-0.9795820358087457,-0.9902562106423296,-0.9756815565734045,-0.9749649087885008,-0.9818657639666997
38,1,H,"[['H', (0, 0, 1.0750000000000002)], ['H', (0, 0, -1.0750000000000002)]]",cc-pVDZ,0,"{'H': [[0, [13.01, 0.019685, 0.0], [1.962, 0.137977, 0.0], [0.4446, 0.478148, 0.0], [0.122, 0.50124, 1.0]], [1, [0.727, 1.0]]]}",2.1500000000000004,-1.0111774672033647,-0.9777182852371775,-0.976137763442603,-0.9706110136519555,-0.9822268668004688,-0.9603713998836176,-0.9748366903224555,-0.9863512189399568,-0.9708839305837385,-0.9697718776951345,-0.977150750988621
39,1,H,"[['H', (0, 0, 1.1)], ['H', (0, 0, -1.1)]]",cc-pVDZ,0,"{'H': [[0, [13.01, 0.019685, 0.0], [1.962, 0.137977, 0.0], [0.4446, 0.478148, 0.0], [0.122, 0.50124, 1.0]], [1, [0.727, 1.0]]]}",2.2,-1.0095202900370812,-0.9733263832290098,-0.9718438700640737,-0.9652368060315533,-0.978206166535559,-0.9554434068343212,-0.9703152065796963,-0.9827947361070462,-0.966304863532556,-0.9647924131266665,-0.9726490848775637
40,1,H,"[['H', (0, 0, 1.1250000000000002)], ['H', (0, 0, -1.1250000000000002)]]",cc-pVDZ,0,"{'H': [[0, [13.01, 0.019685, 0.0], [1.962, 0.137977, 0.0], [0.4446, 0.478148, 0.0], [0.122, 0.50124, 1.0]], [1, [0.727, 1.0]]]}",2.2500000000000004,-1.008065224639986,-0.9691492133978714,-0.9677709585972398,-0.9600640210627409,-0.9743977526993921,-0.9507011198731197,-0.9660089236964706,-0.9795642466947876,-0.9619356989141772,-0.9600185824601188,-0.9683511186595217
41,1,H,"[['H', (0, 0, 1.1500000000000001)], ['H', (0, 0, -1.1500000000000001)]]",cc-pVDZ,0,"{'H': [[0, [13.01, 0.019685, 0.0], [1.962, 0.137977, 0.0], [0.4446, 0.478148, 0.0], [0.122, 0.50124, 1.0]], [1, [0.727, 1.0]]]}",2.3000000000000003,-1.0067909419463417,-0.9651781408671736,-0.9639101339103469,-0.9550856903118152,-0.9707928189941315,-0.9461518081299063,-0.9619092186135494,-0.976078327474267,-0.9577687881540793,-0.9554379855991602,-0.9642434615688618
42,1,H,"[['H', (0, 0, 1.175)], ['H', (0, 0, -1.175)]]",cc-pVDZ,0,"{'H': [[0, [13.01, 0.019685, 0.0], [1.962, 0.137977, 0.0], [0.4446, 0.478148, 0.0], [0.122, 0.50124, 1.0]], [1, [0.727, 1.0]]]}",2.35,-1.0056776293602172,-0.9614046072634389,-0.9602525964162577,-0.9502949474458405,-0.9673826397020345,-0.9418258875596252,-0.9580075376343796,-0.8471871160729464,-0.9537958631892237,-0.9510359647981922,-0.9603224876410811
43,1,H,"[['H', (0, 0, 1.2000000000000002)], ['H', (0, 0, -1.2000000000000002)]]",cc-pVDZ,0,"{'H': [[0, [13.01, 0.019685, 0.0], [1.962, 0.137977, 0.0], [0.4446, 0.478148, 0.0], [0.122, 0.50124, 1.0]], [1, [0.727, 1.0]]]}",2.4000000000000004,-1.00470706268263,-0.957820195314098,-0.956789697059956,-0.9456849680585727,-0.9641586272308061,-0.9377112082480766,-0.9542955006582338,-0.8521544650602654,-0.9500127281226626,-0.946807092372277,-0.9565858273595794
44,1,H,"[['H', (0, 0, 1.225)], ['H', (0, 0, -1.225)]]",cc-pVDZ,0,"{'H': [[0, [13.01, 0.019685, 0.0], [1.962, 0.137977, 0.0], [0.4446, 0.478148, 0.0], [0.122, 0.50124, 1.0]], [1, [0.727, 1.0]]]}",2.45,-1.0038626210818777,-0.9544166608180206,-0.9535129585115613,-0.9412489967831456,-0.9611123601316439,-0.9337636773414547,-0.9507649305212952,-0.8572243843344148,-0.9464045523709458,-0.9427447567800963,-0.9530221393099553
45,1,H,"[['H', (0, 0, 1.2500000000000002)], ['H', (0, 0, -1.2500000000000002)]]",cc-pVDZ,0,"{'H': [[0, [13.01, 0.019685, 0.0], [1.962, 0.137977, 0.0], [0.4446, 0.478148, 0.0], [0.122, 0.50124, 1.0]], [1, [0.727, 1.0]]]}",2.5000000000000004,-1.00312925187632,-0.9511859394150566,-0.9504140839785407,-0.936980503521857,-0.9582355934008526,-0.9299681056575408,-0.9474077913106911,-0.9583508839559678,-0.9429697210551149,-0.9388443810932816,-0.9496195931835689
46,1,H,"[['H', (0, 0, 1.2750000000000001)], ['H', (0, 0, -1.2750000000000001)]]",cc-pVDZ,0,"{'H': [[0, [13.01, 0.019685, 0.0], [1.962, 0.137977, 0.0], [0.4446, 0.478148, 0.0], [0.122, 0.50124, 1.0]], [1, [0.727, 1.0]]]}",2.5500000000000003,-1.0024934272707051,-0.9481201648814014,-0.9474849799995911,-0.9328732668101544,-0.9555202797384245,-0.9263411387513526,-0.9442162883256685,-0.867628971907776,-0.9396976684814479,-0.9350948394104258,-0.9463816768910379
47,1,H,"[['H', (0, 0, 1.3000000000000003)], ['H', (0, 0, -1.3000000000000003)]]",cc-pVDZ,0,"{'H': [[0, [13.01, 0.019685, 0.0], [1.962, 0.137977, 0.0], [0.4446, 0.478148, 0.0], [0.122, 0.50124, 1.0]], [1, [0.727, 1.0]]]}",2.6000000000000005,-1.001943031222282,-0.9452117001893952,-0.9447177783282441,-0.9289212550165298,-0.9529585949310178,-0.9228844811043089,-0.9411828264764852,-0.9559327827938102,-0.936580603394394,-0.9314890277120711,-0.9432974889486376
48,1,H,"[['H', (0, 0, 1.3250000000000002)], ['H', (0, 0, -1.3250000000000002)]]",cc-pVDZ,0,"{'H': [[0, [13.01, 0.019685, 0.0], [1.962, 0.137977, 0.0], [0.4446, 0.478148, 0.0], [0.122, 0.50124, 1.0]], [1, [0.727, 1.0]]]}",2.6500000000000004,-1.0014672789563586,-0.9424531528444204,-0.9421048383805906,-0.9251184937021117,-0.9505429468923143,-0.9195805484695976,-0.9383000978388836,-0.954859098422076,-0.9336097400807408,-0.9280208117482693,-0.9403626472292201
49,1,H,"[['H', (0, 0, 1.35)], ['H', (0, 0, -1.35)]]",cc-pVDZ,0,"{'H': [[0, [13.01, 0.019685, 0.0], [1.962, 0.137977, 0.0], [0.4446, 0.478148, 0.0], [0.122, 0.50124, 1.0]], [1, [0.727, 1.0]]]}",2.7,-1.0010566048835072,-0.9398373700293499,-0.9396387422644934,-0.9214591220121895,-0.9482659734838239,-0.9164149236488799,-0.9355610582114653,-0.9538538551461371,-0.9307816801966964,-0.9246876389457528,-0.9375639281273913
50,1,H,"[['H', (0, 0, 1.3750000000000002)], ['H', (0, 0, -1.3750000000000002)]]",cc-pVDZ,0,"{'H': [[0, [13.01, 0.019685, 0.0], [1.962, 0.137977, 0.0], [0.4446, 0.478148, 0.0], [0.122, 0.50124, 1.0]], [1, [0.727, 1.0]]]}",2.7500000000000004,-1.0007025545589976,-0.9373574382910714,-0.937312305576691,-0.917937582643725,-0.9461205522842098,-0.9133852020832631,-0.9329588442076981,-0.8834422709220848,-0.9280910790479229,-0.9214839353845121,-0.9348957012255512
51,1,H,"[['H', (0, 0, 1.4000000000000001)], ['H', (0, 0, -1.4000000000000001)]]",cc-pVDZ,0,"{'H': [[0, [13.01, 0.019685, 0.0], [1.962, 0.137977, 0.0], [0.4446, 0.478148, 0.0], [0.122, 0.50124, 1.0]], [1, [0.727, 1.0]]]}",2.8000000000000003,-1.000397678678544,-0.9350066984265943,-0.9351185971232681,-0.9145486915016954,-0.9440998209875908,-0.9104913222781454,-0.9304868982180512,-0.9575155515719649,-0.9255274159627929,-0.9184037078371763,-0.9323444590096015
52,1,H,"[['H', (0, 0, 1.4250000000000003)], ['H', (0, 0, -1.4250000000000003)]]",cc-pVDZ,0,"{'H': [[0, [13.01, 0.019685, 0.0], [1.962, 0.137977, 0.0], [0.4446, 0.478148, 0.0], [0.122, 0.50124, 1.0]], [1, [0.727, 1.0]]]}",2.8500000000000005,-1.000135431719498,-0.932778763154148,-0.933050947064145,-0.9112874839348353,-0.9421971902007702,-0.9077198435960825,-0.9281388984280314,-0.949473303695721,-0.9230829596333943,-0.9154456378417288,-0.9299084169176819
53,1,H,"[['H', (0, 0, 1.4500000000000002)], ['H', (0, 0, -1.4500000000000002)]]",cc-pVDZ,0,"{'H': [[0, [13.01, 0.019685, 0.0], [1.962, 0.137977, 0.0], [0.4446, 0.478148, 0.0], [0.122, 0.50124, 1.0]], [1, [0.727, 1.0]]]}",2.9000000000000004,-0.9999100768884559,-0.9306675193180264,-0.9311029413516484,-0.908149063395422,-0.9404063407635331,-0.9050652554454987,-0.9259088095516409,-0.9498551701154202,-0.9207564637611315,-0.9126075097887819,-0.9275796439654244
54,1,H,"[['H', (0, 0, 1.475)], ['H', (0, 0, -1.475)]]",cc-pVDZ,0,"{'H': [[0, [13.01, 0.019685, 0.0], [1.962, 0.137977, 0.0], [0.4446, 0.478148, 0.0], [0.122, 0.50124, 1.0]], [1, [0.727, 1.0]]]}",2.95,-0.9997165982939488,-0.9286671186452194,-0.9292684173966278,-0.9051286227568694,-0.9387212183335379,-0.9025328497743045,-0.9237908934053206,-0.9459458054897619,-0.9185398568780497,-0.9098823622978803,-0.9253519342176592
55,1,H,"[['H', (0, 0, 1.5000000000000002)], ['H', (0, 0, -1.5000000000000002)]]",cc-pVDZ,0,"{'H': [[0, [13.01, 0.019685, 0.0], [1.962, 0.137977, 0.0], [0.4446, 0.478148, 0.0], [0.122, 0.50124, 1.0]], [1, [0.727, 1.0]]]}",3.0000000000000004,-0.9995506203233389,-0.9267719725421291,-0.9275414710861254,-0.9022215949882821,-0.9371360388772632,-0.9001154920027727,-0.9217796312762474,-0.9491058092173881,-0.9164268588502833,-0.907267397779091,-0.9232259641229152
56,1,H,"[['H', (0, 0, 1.5250000000000001)], ['H', (0, 0, -1.5250000000000001)]]",cc-pVDZ,0,"{'H': [[0, [13.01, 0.019685, 0.0], [1.962, 0.137977, 0.0], [0.4446, 0.478148, 0.0], [0.122, 0.50124, 1.0]], [1, [0.727, 1.0]]]}",3.0500000000000003,-0.999408335948354,-0.9249767524766599,-0.9259164656411842,-0.8994237684137114,-0.9356452981353327,-0.8978077198436409,-0.919869761908952,-0.9007938754994194,-0.9144117182241502,-0.9047571899547906,-0.9211949777738031
57,1,H,"[['H', (0, 0, 1.5500000000000003)], ['H', (0, 0, -1.5500000000000003)]]",cc-pVDZ,0,"{'H': [[0, [13.01, 0.019685, 0.0], [1.962, 0.137977, 0.0], [0.4446, 0.478148, 0.0], [0.122, 0.50124, 1.0]], [1, [0.727, 1.0]]]}",3.1000000000000005,-0.9992864336457463,-0.923276391564181,-0.9243880291997105,-0.8967312015447734,-0.9342437718149575,-0.8956093875923842,-0.9180562939903251,-0.904745295158453,-0.912490835117845,-0.9023473094913391,-0.9192529831565034
58,1,H,"[['H', (0, 0, 1.5750000000000002)], ['H', (0, 0, -1.5750000000000002)]]",cc-pVDZ,0,"{'H': [[0, [13.01, 0.019685, 0.0], [1.962, 0.137977, 0.0], [0.4446, 0.478148, 0.0], [0.122, 0.50124, 1.0]], [1, [0.727, 1.0]]]}",3.1500000000000004,-0.9991820477615644,-0.9216660788591098,-0.9229510410623314,-0.8941400474840204,-0.9329265024125968,-0.8935147596373925,-0.9163344652294982,-0.9061637855640268,-0.9106577039410122,-0.9000317775455613,-0.9173966204175106
59,1,H,"[['H', (0, 0, 1.6)], ['H', (0, 0, -1.6)]]",cc-pVDZ,0,"{'H': [[0, [13.01, 0.019685, 0.0], [1.962, 0.137977, 0.0], [0.4446, 0.478148, 0.0], [0.122, 0.50124, 1.0]], [1, [0.727, 1.0]]]}",3.2,-0.9990926976605102,-0.9201412440817424,-0.9216006179090014,-0.8916465051392749,-0.9316887822408358,-0.8915188696050692,-0.9146997745240227,-0.9109074381977565,-0.9089085845158947,-0.8978086756356193,-0.9156213427568841
60,1,H,"[['H', (0, 0, 1.6250000000000002)], ['H', (0, 0, -1.6250000000000002)]]",cc-pVDZ,0,"{'H': [[0, [13.01, 0.019685, 0.0], [1.962, 0.137977, 0.0], [0.4446, 0.478148, 0.0], [0.122, 0.50124, 1.0]], [1, [0.727, 1.0]]]}",3.2500000000000004,-0.9990162412926424,-0.9186975421341147,-0.9203321080157768,-0.8892469100418224,-0.9305261447065055,-0.8896210328799027,-0.9131479157569461,-0.9148252925059345,-0.9072401748242905,-0.8956808713542291,-0.9139224190194176
61,1,H,"[['H', (0, 0, 1.6500000000000001)], ['H', (0, 0, -1.6500000000000001)]]",cc-pVDZ,0,"{'H': [[0, [13.01, 0.019685, 0.0], [1.962, 0.137977, 0.0], [0.4446, 0.478148, 0.0], [0.122, 0.50124, 1.0]], [1, [0.727, 1.0]]]}",3.3000000000000003,-0.9989508321446301,-0.9173308419135061,-0.919141089453091,-0.8869378365397756,-0.9294343626025993,-0.887824936295743,-0.9116748143501555,-0.9144865292569367,-0.9056495379407626,-0.8936431499666472,-0.912297862331498
62,1,H,"[['H', (0, 0, 1.6750000000000003)], ['H', (0, 0, -1.6750000000000003)]]",cc-pVDZ,0,"{'H': [[0, [13.01, 0.019685, 0.0], [1.962, 0.137977, 0.0], [0.4446, 0.478148, 0.0], [0.122, 0.50124, 1.0]], [1, [0.727, 1.0]]]}",3.3500000000000005,-0.9988948809558347,-0.9160372192557541,-0.9180233627333806,-0.8847160612371677,-0.928409442999527,-0.886119260946946,-0.9102765723658076,-0.918149950387661,-0.9041349701888705,-0.8916931342763527,-0.9107472511920979
63,1,H,"[['H', (0, 0, 1.7000000000000002)], ['H', (0, 0, -1.7000000000000002)]]",cc-pVDZ,0,"{'H': [[0, [13.01, 0.019685, 0.0], [1.962, 0.137977, 0.0], [0.4446, 0.478148, 0.0], [0.122, 0.50124, 1.0]], [1, [0.727, 1.0]]]}",3.4000000000000004,-0.9988470218055141,-0.914812947842027,-0.9169749368089024,-0.8825784604883753,-0.9274476132361809,-0.8844882635928637,-0.9089494745902242,-0.9493167759085959,-0.9026910949761249,-0.8898269638024958,-0.9092690920299984
64,1,H,"[['H', (0, 0, 1.725)], ['H', (0, 0, -1.725)]]",cc-pVDZ,0,"{'H': [[0, [13.01, 0.019685, 0.0], [1.962, 0.137977, 0.0], [0.4446, 0.478148, 0.0], [0.122, 0.50124, 1.0]], [1, [0.727, 1.0]]]}",3.45,-0.998806082194227,-0.9136544847799082,-0.9159920119379057,-0.8805219705077181,-0.9265453008839954,-0.8829370072325584,-0.907690008502213,-0.9510988613664362,-0.9013159471811518,-0.8880393750149227,-0.9078606098695989
65,1,H,"[['H', (0, 0, 1.7500000000000002)], ['H', (0, 0, -1.7500000000000002)]]",cc-pVDZ,0,"{'H': [[0, [13.01, 0.019685, 0.0], [1.962, 0.137977, 0.0], [0.4446, 0.478148, 0.0], [0.122, 0.50124, 1.0]], [1, [0.727, 1.0]]]}",3.5000000000000004,-0.9987710567568984,-0.9125584563138164,-0.915070965760261,-0.8785435770205979,-0.9256991171860035,-0.8814602938016113,-0.9064948126234859,-0.9494330741765472,-0.9000071432424822,-0.8863271984382756,-0.9065183234528921
66,1,H,"[['H', (0, 0, 1.7750000000000001)], ['H', (0, 0, -1.7750000000000001)]]",cc-pVDZ,0,"{'H': [[0, [13.01, 0.019685, 0.0], [1.962, 0.137977, 0.0], [0.4446, 0.478148, 0.0], [0.122, 0.50124, 1.0]], [1, [0.727, 1.0]]]}",3.5500000000000003,-0.9987410842578519,-0.9115216468843403,-0.9142083473955602,-0.8766403432414744,-0.9249058496531668,-0.8800414280551436,-0.9053606838612434,-0.9270894609696285,-0.8987614102522712,-0.8846906499369267,-0.9052396283593316
67,1,H,"[['H', (0, 0, 1.8000000000000003)], ['H', (0, 0, -1.8000000000000003)]]",cc-pVDZ,0,"{'H': [[0, [13.01, 0.019685, 0.0], [1.962, 0.137977, 0.0], [0.4446, 0.478148, 0.0], [0.122, 0.50124, 1.0]], [1, [0.727, 1.0]]]}",3.6000000000000005,-0.998715427530239,-0.9105409899612857,-0.913400874968542,-0.8748094769939472,-0.9241624589924222,-0.1410892545859187,-0.9042845461291238,-0.9257352518955795,-0.897574571166748,-0.8831271702097969,-0.9040211842202801
68,1,H,"[['H', (0, 0, 1.8250000000000002)], ['H', (0, 0, -1.8250000000000002)]]",cc-pVDZ,0,"{'H': [[0, [13.01, 0.019685, 0.0], [1.962, 0.137977, 0.0], [0.4446, 0.478148, 0.0], [0.122, 0.50124, 1.0]], [1, [0.727, 1.0]]]}",3.6500000000000004,-0.9986934560408877,-0.9096135605820033,-0.9126454299498246,-0.8730483282768549,-0.9234660726490391,-0.8773954465302467,-0.9032634906306765,-0.928853637576954,-0.8964439119311542,-0.8816239447428766,-0.9028585794825168
69,1,H,"[['H', (0, 0, 1.85)], ['H', (0, 0, -1.85)]]",cc-pVDZ,0,"{'H': [[0, [13.01, 0.019685, 0.0], [1.962, 0.137977, 0.0], [0.4446, 0.478148, 0.0], [0.122, 0.50124, 1.0]], [1, [0.727, 1.0]]]}",3.7,-0.9986746308591039,-0.9087365697456038,-0.9119390463880555,-0.8713542974269866,-0.9228139726098186,-0.876162026927191,-0.9022946966821643,-0.9296383212441817,-0.8953679430022352,-0.8801800369125794,-0.9017498640997406
70,1,H,"[['H', (0, 0, 1.8750000000000002)], ['H', (0, 0, -1.8750000000000002)]]",cc-pVDZ,0,"{'H': [[0, [13.01, 0.019685, 0.0], [1.962, 0.137977, 0.0], [0.4446, 0.478148, 0.0], [0.122, 0.50124, 1.0]], [1, [0.727, 1.0]]]}",3.7500000000000004,-0.9986584918664808,-0.9079073559750126,-0.9112788986036398,-0.8697248239526381,-0.922203580992577,-0.8749781329511885,-0.9013755051095362,-0.9308247025520546,-0.8943444949796879,-0.8787912855202142,-0.9006939548583464
71,1,H,"[['H', (0, 0, 1.9000000000000001)], ['H', (0, 0, -1.9000000000000001)]]",cc-pVDZ,0,"{'H': [[0, [13.01, 0.019685, 0.0], [1.962, 0.137977, 0.0], [0.4446, 0.478148, 0.0], [0.122, 0.50124, 1.0]], [1, [0.727, 1.0]]]}",3.8000000000000003,-0.9986446458421995,-0.9071233774969466,-0.9106622905970018,-0.8681574006876581,-0.9216324494133535,-0.8738435416527354,-0.9005033613270937,-0.9328044909636234,-0.8933716588149062,-0.8774577806079639,-0.8996892288601125
72,1,H,"[['H', (0, 0, 1.9250000000000003)], ['H', (0, 0, -1.9250000000000003)]]",cc-pVDZ,0,"{'H': [[0, [13.01, 0.019685, 0.0], [1.962, 0.137977, 0.0], [0.4446, 0.478148, 0.0], [0.122, 0.50124, 1.0]], [1, [0.727, 1.0]]]}",3.8500000000000005,-0.9986327735445971,-0.9063822081422661,-0.9100866520661384,-0.8666495628801372,-0.9210982555784637,-0.8727572449321868,-0.8996758324573337,-0.9354230087151614,-0.8924472918941868,-0.8761763908210412,-0.8987324600876379
73,1,H,"[['H', (0, 0, 1.9500000000000002)], ['H', (0, 0, -1.9500000000000002)]]",cc-pVDZ,0,"{'H': [[0, [13.01, 0.019685, 0.0], [1.962, 0.137977, 0.0], [0.4446, 0.478148, 0.0], [0.122, 0.50124, 1.0]], [1, [0.727, 1.0]]]}",3.9000000000000004,-0.9986228859005162,-0.9056815342636787,-0.9095495390121183,-0.8651989069231713,-0.9205988026898081,-0.8717159409447351,-0.8988906015622765,-0.9357102125207267,-0.8915680460192298,-0.8749427687637886,-0.8978199825070413
74,1,H,"[['H', (0, 0, 1.975)], ['H', (0, 0, -1.975)]]",cc-pVDZ,0,"{'H': [[0, [13.01, 0.019685, 0.0], [1.962, 0.137977, 0.0], [0.4446, 0.478148, 0.0], [0.122, 0.50124, 1.0]], [1, [0.727, 1.0]]]}",3.95,-0.9986137534822921,-0.9050191492158421,-0.9090486331742926,-0.8638031474270059,-0.9201320149418577,0.526828504400539,-0.8981454432090645,-0.9502253955444804,-0.8907313471921521,-0.8737569032516002,-0.8969491277713866
75,1,H,"[['H', (0, 0, 2.0)], ['H', (0, 0, -2.0)]]",cc-pVDZ,0,"{'H': [[0, [13.01, 0.019685, 0.0], [1.962, 0.137977, 0.0], [0.4446, 0.478148, 0.0], [0.122, 0.50124, 1.0]], [1, [0.727, 1.0]]]}",4.0,-0.9986061861456516,-0.9043929475795186,-0.9085817378718911,-0.8624601093330262,-0.9196959280460756,-0.8697587101859846,-0.8974382479524848,-0.9382714881336284,-0.8899364457753781,-0.8726190328975579,-0.896117918915235
76,1,H,"[['H', (0, 0, 2.025)], ['H', (0, 0, -2.025)]]",cc-pVDZ,0,"{'H': [[0, [13.01, 0.019685, 0.0], [1.962, 0.137977, 0.0], [0.4446, 0.478148, 0.0], [0.122, 0.50124, 1.0]], [1, [0.727, 1.0]]]}",4.05,-0.9985996614734345,-0.9038009228349041,-0.9081467703101401,-0.8611676199227738,-0.9192886792635383,-0.8688393012555797,-0.8967669784817657,-0.9511400265714635,-0.889180979493294,-0.8715280926732826,-0.8953271703062998
77,1,H,"[['H', (0, 0, 2.0500000000000003)], ['H', (0, 0, -2.0500000000000003)]]",cc-pVDZ,0,"{'H': [[0, [13.01, 0.019685, 0.0], [1.962, 0.137977, 0.0], [0.4446, 0.478148, 0.0], [0.122, 0.50124, 1.0]], [1, [0.727, 1.0]]]}",4.1000000000000005,-0.9985940290982761,-0.9032411632747913,-0.9077417539089979,-0.8599235555434525,-0.9189085024922247,-0.8679569218765382,-0.8961297100616393,-0.9410230361728685,-0.8884632014764705,-0.870480190529122,-0.8945739005802243
78,1,H,"[['H', (0, 0, 2.075)], ['H', (0, 0, -2.075)]]",cc-pVDZ,0,"{'H': [[0, [13.01, 0.019685, 0.0], [1.962, 0.137977, 0.0], [0.4446, 0.478148, 0.0], [0.122, 0.50124, 1.0]], [1, [0.727, 1.0]]]}",4.15,-0.9985891610146137,-0.9027118497969546,-0.9073648111589745,-0.8587258749473613,-0.9185537285589505,-0.8671118786805704,-0.8955246014518583,-0.9518529791364325,-0.8877815045305109,-0.8694739290959697,-0.8938560388270027
79,1,H,"[['H', (0, 0, 2.1)], ['H', (0, 0, -2.1)]]",cc-pVDZ,0,"{'H': [[0, [13.01, 0.019685, 0.0], [1.962, 0.137977, 0.0], [0.4446, 0.478148, 0.0], [0.122, 0.50124, 1.0]], [1, [0.727, 1.0]]]}",4.2,-0.9985849482365865,-0.9022112567473742,-0.9070141611469936,-0.8575725877143136,-0.9182227856589064,-0.8663003650586116,-0.8949499089635936,-0.9524273124008839,-0.8871330701240779,-0.8685058333577679,-0.8931721440247812
